{
    "loss": 0.18241068720817566,
    "accuracy": 0.9482758641242981
}